bird_class,bird_number_x,matches_x,matches2_x,bird_number_y,matches2_y,English name,Scientific Name,matches_y,Species1,Family1,Order1,Avibase.ID1,Complete.measures,Beak.Length_Culmen,Beak.Length_Nares,Beak.Width,Beak.Depth,Tarsus.Length,Wing.Length,Kipps.Distance,Secondary1,Hand-Wing.Index,Tail.Length,Mass,Habitat,Habitat.Density,Migration,Trophic.Level,Trophic.Niche,Primary.Lifestyle,Min.Latitude,Max.Latitude,Centroid.Latitude,Centroid.Longitude,Range.Size
Black footed Albatross,1,Black-footed Albatross,Black-footed Albatross,1,Black-footed Albatross,Black-footed Albatross,Phoebastria nigripes,Phoebastria nigripes,Phoebastria nigripes,Diomedeidae,Procellariiformes,AVIBASE-EE8ECB1D,4,101.2,67.8,23.8,30.8,87.4,476.0,313.2,171.2,64.7,136.0,3188.4,Marine,3,2.0,Carnivore,Aquatic predator,Aquatic,-84.95,85.01,14.59,-17.36,84626560.97
Red winged Blackbird,10,Red-winged Blackbird,Red-winged Blackbird,10,Red-winged Blackbird,Red-winged Blackbird,Agelaius phoeniceus,Agelaius phoeniceus,Agelaius phoeniceus,Icteridae,Passeriformes,AVIBASE-C86D078E,6,22.7,15.4,5.6,8.8,28.0,118.0,27.8,88.9,24.0,88.9,50.8,Wetland,3,3.0,Herbivore,Granivore,Generalist,9.66,67.41,44.62,-102.04,13703226.95
Brown Pelican,100,Brown Pelican,Brown Pelican,100,Brown Pelican,Brown Pelican,Pelecanus occidentalis,Pelecanus occidentalis,Pelecanus occidentalis,Pelecanidae,Pelecaniformes,AVIBASE-F59AB6B3,4,319.5,285.0,38.8,43.4,71.7,494.6,241.0,259.5,48.1,128.2,3427.8,Marine,3,1.0,Carnivore,Aquatic predator,Aerial,-3.22,39.59,17.7,-83.58,1823742.36
White Pelican,101,Great White Pelican,Great White Pelican,101,Great White Pelican,Great White Pelican,Pelecanus onocrotalus,Pelecanus onocrotalus,Pelecanus onocrotalus,Pelecanidae,Pelecaniformes,AVIBASE-8BAFB01E,4,359.0,341.8,54.4,49.1,128.5,646.4,266.8,366.8,42.1,160.8,9322.3,Wetland,3,2.0,Carnivore,Aquatic predator,Aquatic,-34.84,54.73,27.38,40.85,810182.64
Western Wood Pewee,102,Western Wood Pewee,Western Wood Pewee,102,Western Wood Pewee,Western Wood Pewee,Contopus sordidulus,Contopus sordidulus,Contopus sordidulus,Tyrannidae,Passeriformes,AVIBASE-F6CA75F0,4,16.4,9.2,6.4,4.1,13.8,82.6,29.0,57.7,33.5,60.2,13.1,Forest,1,3.0,Carnivore,Invertivore,Insessorial,7.31,67.81,45.91,-116.12,6939803.44
Sayornis,103,Sayornis,Sayornis,103,Sayornis,Sayornis,Sayornis saya,Sayornis saya,Sayornis saya,Tyrannidae,Passeriformes,AVIBASE-28669A3D,4,19.5,11.3,5.4,4.2,20.2,104.4,26.8,77.7,25.6,79.8,20.9,Forest,3,3.0,Carnivore,Invertivore,Insessorial,23.16,69.87,51.2,-122.26,7204273.9
American Pipit,104,African Pipit,African Pipit,104,African Pipit,African Pipit,Anthus cinnamomeus,Anthus cinnamomeus,Anthus cinnamomeus,Motacillidae,Passeriformes,AVIBASE-0D7CC717,8,16.5,9.8,4.0,4.2,26.2,86.8,21.3,65.6,24.6,65.5,32.2,Grassland,3,3.0,Carnivore,Invertivore,Terrestrial,-34.84,18.86,-10.11,28.01,9825233.85
Whip poor Will,105,Eastern Whip-poor-will,Eastern Whip-poor-will,105,Eastern Whip-poor-will,Eastern Whip-poor-will,Antrostomus vociferus,Antrostomus vociferus,Antrostomus vociferus,Caprimulgidae,Caprimulgiformes,AVIBASE-1A09655B,4,16.1,6.7,3.8,2.7,15.1,154.4,72.3,84.4,46.1,114.2,53.3,Forest,1,3.0,Carnivore,Invertivore,Generalist,31.65,54.53,42.29,-86.2,3403564.97
Horned Puffin,106,Horned Puffin,Horned Puffin,106,Horned Puffin,Horned Puffin,Fratercula corniculata,Fratercula corniculata,Fratercula corniculata,Alcidae,Charadriiformes,AVIBASE-24111FA5,4,51.0,16.8,7.3,31.6,32.1,185.5,96.8,88.4,52.3,63.3,536.1,Marine,3,3.0,Carnivore,Aquatic predator,Aquatic,45.26,72.43,56.55,-4.48,1467964.71
Common Raven,107,Common Hawk-Cuckoo,Common Hawk-Cuckoo,107,Common Hawk-Cuckoo,Common Hawk-Cuckoo,Hierococcyx varius,Hierococcyx varius,Hierococcyx varius,Cuculidae,Cuculiformes,AVIBASE-0880DDC8,4,26.1,14.9,7.7,7.6,23.5,191.0,66.8,124.0,35.0,161.4,103.0,Woodland,2,1.0,Carnivore,Invertivore,Insessorial,5.92,34.17,22.17,80.81,3245384.68
White necked Raven,108,White-necked Raven,White-necked Raven,108,White-necked Raven,White-necked Raven,Corvus albicollis,Corvus albicollis,Corvus albicollis,Corvidae,Passeriformes,AVIBASE-EA326EA2,4,65.9,42.4,19.6,34.0,75.2,417.1,164.6,250.6,39.6,165.6,894.0,Rock,3,2.0,Omnivore,Omnivore,Terrestrial,-34.84,2.4,-17.3,30.73,1615598.28
American Redstart,109,American Redstart,American Redstart,109,American Redstart,American Redstart,Setophaga ruticilla,Setophaga ruticilla,Setophaga ruticilla,Parulidae,Passeriformes,AVIBASE-BED38F50,6,12.3,6.8,4.0,3.0,17.0,62.0,15.6,48.0,24.6,52.6,8.2,Forest,1,3.0,Carnivore,Invertivore,Insessorial,30.05,65.02,47.72,-98.09,6675504.95
Rusty Blackbird,11,Rusty Blackbird,Rusty Blackbird,11,Rusty Blackbird,Rusty Blackbird,Euphagus carolinus,Euphagus carolinus,Euphagus carolinus,Icteridae,Passeriformes,AVIBASE-5F77FED5,4,23.0,15.3,5.0,6.6,30.2,114.4,32.1,82.6,28.0,90.0,59.6,Forest,2,3.0,Omnivore,Omnivore,Terrestrial,42.42,69.61,57.69,-110.48,7275943.03
Geococcyx,110,Geococcyx,Geococcyx,110,Geococcyx,Geococcyx,Geococcyx,Geococcyx californianus,Geococcyx californianus,Cuculidae,Cuculiformes,AVIBASE-DB5DABCF,4,57.8,35.4,10.1,12.5,59.5,181.0,12.0,172.0,6.5,287.4,376.0,Shrubland,2,1.0,Carnivore,Invertivore,Terrestrial,18.36,40.65,30.77,-104.36,3008009.53
Loggerhead Shrike,111,Loggerhead Shrike,Loggerhead Shrike,111,Loggerhead Shrike,Loggerhead Shrike,Lanius ludovicianus,Lanius ludovicianus,Lanius ludovicianus,Laniidae,Passeriformes,AVIBASE-36171C2B,4,21.1,12.3,6.5,8.8,27.7,96.4,21.7,74.2,22.6,96.7,51.6,Shrubland,3,3.0,Carnivore,Invertivore,Insessorial,16.1,55.52,38.03,-101.11,8852504.29
Great Grey Shrike,112,Great Grey Shrike,Great Grey Shrike,112,Great Grey Shrike,Great Grey Shrike,Lanius excubitor,Lanius excubitor,Lanius excubitor,Laniidae,Passeriformes,AVIBASE-DB2501EE,16,23.2,13.9,6.9,9.3,29.4,109.2,28.7,80.4,26.3,106.2,63.4,Shrubland,3,3.0,Carnivore,Vertivore,Insessorial,9.51,70.49,40.81,42.37,23487697.84
Baird Sparrow,113,Baird's Sparrow,Baird's Sparrow,113,Baird's Sparrow,Baird's Sparrow,Passerculus bairdii,Passerculus bairdii,Passerculus bairdii,Passerellidae,Passeriformes,AVIBASE-67EFC061,4,11.8,7.7,4.8,5.1,22.6,65.6,12.3,53.0,19.0,42.6,18.1,Grassland,3,3.0,Herbivore,Granivore,Generalist,44.92,53.76,48.99,-106.14,830096.01
Black throated Sparrow,114,Black-throated Sparrow,Black-throated Sparrow,114,Black-throated Sparrow,Black-throated Sparrow,Amphispiza bilineata,Amphispiza bilineata,Amphispiza bilineata,Passerellidae,Passeriformes,AVIBASE-A0F29F1E,6,11.7,8.2,4.6,5.9,18.1,63.5,11.3,52.2,17.7,64.8,13.5,Shrubland,2,2.0,Omnivore,Omnivore,Generalist,20.19,47.06,32.43,-108.96,2450691.64
Brewer Sparrow,115,Brewer's Sparrow,Brewer's Sparrow,115,Brewer's Sparrow,Brewer's Sparrow,Spizella breweri,Spizella breweri,Spizella breweri,Passerellidae,Passeriformes,AVIBASE-29967541,5,12.3,6.7,3.6,4.4,16.8,62.8,12.9,50.1,20.5,57.3,10.9,Shrubland,2,3.0,Omnivore,Omnivore,Generalist,33.57,63.27,45.74,-115.39,3238311.53
Chipping Sparrow,116,Chipping Sparrow,Chipping Sparrow,116,Chipping Sparrow,Chipping Sparrow,Spizella passerina,Spizella passerina,Spizella passerina,Passerellidae,Passeriformes,AVIBASE-37E9CCDA,4,13.1,7.0,4.0,4.9,16.3,68.0,16.3,51.0,24.2,56.0,12.2,Forest,2,3.0,Omnivore,Omnivore,Generalist,12.94,66.24,47.04,-103.73,13081064.54
Clay colored Sparrow,117,Clay-colored Sparrow,Clay-colored Sparrow,117,Clay-colored Sparrow,Clay-colored Sparrow,Spizella pallida,Spizella pallida,Spizella pallida,Passerellidae,Passeriformes,AVIBASE-486265CF,4,10.1,6.0,3.4,4.9,17.4,60.8,11.2,49.0,18.6,56.8,11.2,Shrubland,2,3.0,Omnivore,Granivore,Generalist,42.16,62.65,51.68,-104.79,3219955.48
House Sparrow,118,House Sparrow,House Sparrow,118,House Sparrow,House Sparrow,Passer domesticus,Passer domesticus,Passer domesticus,Passeridae,Passeriformes,AVIBASE-240E3390,8,13.5,9.1,6.3,7.4,17.9,74.9,20.4,54.4,27.3,57.2,26.5,Human Modified,3,1.0,Herbivore,Granivore,Terrestrial,5.91,71.19,46.32,61.68,34407867.59
Field Sparrow,119,Field Sparrow,Field Sparrow,119,Field Sparrow,Field Sparrow,Spizella pusilla,Spizella pusilla,Spizella pusilla,Passerellidae,Passeriformes,AVIBASE-E23F6DE0,3,10.4,6.6,4.3,5.2,17.9,64.4,10.8,53.5,16.7,62.0,12.5,Grassland,2,2.0,Omnivore,Granivore,Generalist,28.87,49.98,39.43,-90.09,3997616.97
Yellow headed Blackbird,12,Yellow-headed Blackbird,Yellow-headed Blackbird,12,Yellow-headed Blackbird,Yellow-headed Blackbird,Xanthocephalus xanthocephalus,Xanthocephalus xanthocephalus,Xanthocephalus xanthocephalus,Icteridae,Passeriformes,AVIBASE-3E2D0C9B,4,22.5,14.6,6.6,9.1,32.9,129.4,34.2,92.6,27.0,101.9,62.7,Wetland,2,2.0,Herbivore,Granivore,Terrestrial,31.47,59.17,46.37,-108.09,4756494.14
Fox Sparrow,120,Red Fox Sparrow,Red Fox Sparrow,120,Red Fox Sparrow,Red Fox Sparrow,Passerella iliaca,Passerella iliaca,Passerella iliaca,Passerellidae,Passeriformes,AVIBASE-0B1B2EB6,4,13.4,8.5,5.3,7.5,24.3,84.2,21.9,61.9,26.1,68.2,33.3,Forest,1,3.0,Omnivore,Omnivore,Generalist,46.61,70.64,60.38,-117.81,5235159.1
Grasshopper Sparrow,121,Grasshopper Sparrow,Grasshopper Sparrow,121,Grasshopper Sparrow,Grasshopper Sparrow,Ammodramus savannarum,Ammodramus savannarum,Ammodramus savannarum,Passerellidae,Passeriformes,AVIBASE-5BFFE091,5,13.8,8.2,4.5,6.1,20.1,58.2,12.3,46.0,21.1,41.4,17.6,Grassland,3,2.0,Omnivore,Invertivore,Generalist,3.31,51.58,40.3,-94.6,5240933.14
Harris Sparrow,122,Harris's Sparrow,Harris's Sparrow,122,Harris's Sparrow,Harris's Sparrow,Zonotrichia querula,Zonotrichia querula,Zonotrichia querula,Passerellidae,Passeriformes,AVIBASE-DDAF0666,4,16.0,9.2,5.1,7.5,24.3,86.9,20.5,66.3,23.7,80.9,35.5,Shrubland,2,3.0,Herbivore,Omnivore,Terrestrial,55.45,70.58,64.61,-105.48,1699160.3
Henslow Sparrow,123,Henslow's Sparrow,Henslow's Sparrow,123,Henslow's Sparrow,Henslow's Sparrow,Passerculus henslowii,Passerculus henslowii,Passerculus henslowii,Passerellidae,Passeriformes,AVIBASE-CDA2F827,8,13.6,8.4,4.4,6.8,16.7,54.7,8.5,45.8,15.6,49.9,12.8,Grassland,3,2.0,Omnivore,Omnivore,Generalist,35.17,45.94,40.85,-87.72,1306487.74
Le Conte Sparrow,124,LeConte's Sparrow,LeConte's Sparrow,124,LeConte's Sparrow,LeConte's Sparrow,Ammospiza leconteii,Ammospiza leconteii,Ammospiza leconteii,Passerellidae,Passeriformes,AVIBASE-B656B15D,6,11.2,7.1,4.2,5.0,17.3,53.0,10.0,43.1,18.8,52.0,13.0,Grassland,3,3.0,Omnivore,Granivore,Generalist,43.64,62.85,53.02,-101.5,2867567.84
Lincoln Sparrow,125,Lincoln's Sparrow,Lincoln's Sparrow,125,Lincoln's Sparrow,Lincoln's Sparrow,Melospiza lincolnii,Melospiza lincolnii,Melospiza lincolnii,Passerellidae,Passeriformes,AVIBASE-AF49F890,4,13.2,8.0,4.0,5.1,20.1,64.0,14.3,49.7,22.3,56.8,16.6,Wetland,2,3.0,Omnivore,Omnivore,Generalist,32.71,66.53,54.29,-105.44,7567216.93
Nelson Sharp tailed Sparrow,126,Long-tailed Duck,Long-tailed Duck,126,Long-tailed Duck,Long-tailed Duck,Clangula hyemalis,Clangula hyemalis,Clangula hyemalis,Anatidae,Anseriformes,AVIBASE-AF0C7BDE,4,32.1,19.2,16.0,11.9,33.1,215.6,108.5,105.0,50.9,130.8,871.0,Wetland,3,3.0,Carnivore,Aquatic predator,Aquatic,35.57,83.11,68.24,-27.99,9492361.68
Savannah Sparrow,127,Savannah Sparrow,Savannah Sparrow,127,Savannah Sparrow,Savannah Sparrow,Passerculus sandwichensis,Passerculus sandwichensis,Passerculus sandwichensis,Passerellidae,Passeriformes,AVIBASE-26EB95E7,4,12.8,8.3,4.1,5.4,20.7,72.8,17.6,55.2,24.1,51.2,20.0,Grassland,3,3.0,Omnivore,Omnivore,Generalist,18.83,71.39,54.37,-108.21,13598359.75
Seaside Sparrow,128,Seaside Sparrow,Seaside Sparrow,128,Seaside Sparrow,Seaside Sparrow,Ammospiza maritima,Ammospiza maritima,Ammospiza maritima,Passerellidae,Passeriformes,AVIBASE-0F81304F,8,16.3,11.1,4.2,6.3,22.9,60.6,9.1,51.8,14.8,54.8,22.2,Wetland,3,2.0,Carnivore,Invertivore,Terrestrial,24.91,43.36,33.22,-82.34,184267.84
Song Sparrow,129,Song Sparrow,Song Sparrow,129,Song Sparrow,Song Sparrow,Melospiza melodia,Melospiza melodia,Melospiza melodia,Passerellidae,Passeriformes,AVIBASE-A5F09E05,5,13.4,8.5,5.3,6.7,21.5,66.3,13.2,52.6,20.1,67.2,21.9,Shrubland,2,2.0,Omnivore,Omnivore,Generalist,18.99,62.57,47.88,-103.48,10313728.38
Bobolink,13,Bobolink,Bobolink,13,Bobolink,Bobolink,Dolichonyx oryzivorus,Dolichonyx oryzivorus,Dolichonyx oryzivorus,Icteridae,Passeriformes,AVIBASE-F845062F,4,16.2,9.8,5.9,7.6,26.5,90.2,32.0,58.5,35.4,61.8,31.5,Grassland,1,3.0,Omnivore,Granivore,Generalist,32.38,54.24,45.77,-93.09,3883605.76
Tree Sparrow,130,Eurasian Tree Sparrow,Eurasian Tree Sparrow,130,Eurasian Tree Sparrow,Eurasian Tree Sparrow,Passer montanus,Passer montanus,Passer montanus,Passeridae,Passeriformes,AVIBASE-C22FBF8D,8,13.2,8.2,5.5,6.5,16.4,67.9,16.7,51.2,24.6,51.0,21.4,Woodland,2,1.0,Omnivore,Granivore,Terrestrial,-10.94,71.06,46.61,81.35,39069801.39
Vesper Sparrow,131,Vesper Sparrow,Vesper Sparrow,131,Vesper Sparrow,Vesper Sparrow,Pooecetes gramineus,Pooecetes gramineus,Pooecetes gramineus,Passerellidae,Passeriformes,AVIBASE-3647E146,4,12.0,7.7,4.9,6.6,20.1,78.6,18.8,60.0,23.9,59.6,25.7,Grassland,3,3.0,Omnivore,Omnivore,Generalist,33.41,61.61,46.0,-100.57,6371227.47
White crowned Sparrow,132,White-crowned Sparrow,White-crowned Sparrow,132,White-crowned Sparrow,White-crowned Sparrow,Zonotrichia leucophrys,Zonotrichia leucophrys,Zonotrichia leucophrys,Passerellidae,Passeriformes,AVIBASE-8601A467,4,15.4,8.4,4.5,6.0,22.8,78.7,18.5,60.9,23.4,70.6,28.0,Shrubland,2,3.0,Omnivore,Omnivore,Generalist,33.38,70.64,58.71,-115.14,7364178.61
White throated Sparrow,133,White-throated Sparrow,White-throated Sparrow,133,White-throated Sparrow,White-throated Sparrow,Zonotrichia albicollis,Zonotrichia albicollis,Zonotrichia albicollis,Passerellidae,Passeriformes,AVIBASE-39BD9FF2,5,13.6,8.4,5.1,6.3,23.0,72.8,14.3,58.1,19.7,70.4,24.4,Woodland,2,3.0,Herbivore,Omnivore,Terrestrial,40.7,65.85,53.74,-95.18,5662700.85
Cape Glossy Starling,134,Cape Shoveler,Cape Shoveler,134,Cape Shoveler,Cape Shoveler,Spatula smithii,Spatula smithii,Spatula smithii,Anatidae,Anseriformes,AVIBASE-4670CF43,4,63.6,43.3,18.9,16.5,34.6,229.2,115.8,113.5,50.5,72.5,591.5,Wetland,3,2.0,Carnivore,Aquatic predator,Aquatic,-34.84,-13.74,-24.84,22.46,2430691.95
Bank Swallow,135,Barn Swallow,Barn Swallow,135,Barn Swallow,Barn Swallow,Hirundo rustica,Hirundo rustica,Hirundo rustica,Hirundinidae,Passeriformes,AVIBASE-58C502EA,10,12.4,6.0,4.5,2.7,11.7,115.8,62.3,56.0,52.6,71.4,17.9,Human Modified,3,3.0,Carnivore,Invertivore,Aerial,-37.53,71.13,47.56,34.57,51701054.06
Barn Swallow,136,Barn Swallow,Barn Swallow,136,Barn Swallow,Barn Swallow,Hirundo rustica,Hirundo rustica,Hirundo rustica,Hirundinidae,Passeriformes,AVIBASE-58C502EA,10,12.4,6.0,4.5,2.7,11.7,115.8,62.3,56.0,52.6,71.4,17.9,Human Modified,3,3.0,Carnivore,Invertivore,Aerial,-37.53,71.13,47.56,34.57,51701054.06
Cliff Swallow,137,American Cliff Swallow,American Cliff Swallow,137,American Cliff Swallow,American Cliff Swallow,Petrochelidon pyrrhonota,Petrochelidon pyrrhonota,Petrochelidon pyrrhonota,Hirundinidae,Passeriformes,AVIBASE-F5C181CA,4,11.3,5.9,4.5,3.0,12.6,109.3,54.2,56.4,49.0,49.2,21.6,Grassland,3,3.0,Carnivore,Invertivore,Aerial,16.24,66.98,46.7,-108.51,11994340.08
Tree Swallow,138,Tree Swallow,Tree Swallow,138,Tree Swallow,Tree Swallow,Tachycineta bicolor,Tachycineta bicolor,Tachycineta bicolor,Hirundinidae,Passeriformes,AVIBASE-BBA2F9DF,4,10.8,5.9,3.8,2.8,12.2,115.9,61.3,54.3,53.0,54.0,21.2,Wetland,3,3.0,Carnivore,Invertivore,Aerial,33.0,68.64,52.15,-107.17,11720977.55
Scarlet Tanager,139,Scarlet Tanager,Scarlet Tanager,139,Scarlet Tanager,Scarlet Tanager,Piranga olivacea,Piranga olivacea,Piranga olivacea,Cardinalidae,Passeriformes,AVIBASE-42101632,4,18.8,11.5,7.2,8.2,19.4,92.6,29.5,65.9,30.9,63.8,28.2,Forest,1,3.0,Carnivore,Invertivore,Insessorial,32.41,53.03,41.72,-85.13,2605301.09
Indigo Bunting,14,Indigo Bunting,Indigo Bunting,14,Indigo Bunting,Indigo Bunting,Passerina cyanea,Passerina cyanea,Passerina cyanea,Cardinalidae,Passeriformes,AVIBASE-043F337A,15,11.7,7.6,5.1,6.2,17.2,64.8,14.7,50.3,22.5,48.9,14.7,Shrubland,2,3.0,Herbivore,Granivore,Terrestrial,24.53,52.55,39.21,-91.56,5700834.65
Summer Tanager,140,Summer Tanager,Summer Tanager,140,Summer Tanager,Summer Tanager,Piranga rubra,Piranga rubra,Piranga rubra,Cardinalidae,Passeriformes,AVIBASE-891798D9,10,19.2,13.3,8.4,9.0,19.5,92.0,27.9,67.4,29.2,71.3,29.1,Forest,1,3.0,Carnivore,Invertivore,Insessorial,24.5,42.5,33.47,-93.77,3269576.69
Artic Tern,141,Arctic Tern,Arctic Tern,141,Arctic Tern,Arctic Tern,Sterna paradisaea,Sterna paradisaea,Sterna paradisaea,Laridae,Charadriiformes,AVIBASE-BDC5CF80,4,37.8,22.8,3.8,7.0,16.1,262.7,181.1,80.9,69.1,179.6,110.0,Coastal,3,3.0,Carnivore,Aquatic predator,Aerial,41.24,83.11,67.21,-35.32,10398468.44
Black Tern,142,Black Tern,Black Tern,142,Black Tern,Black Tern,Chlidonias niger,Chlidonias niger,Chlidonias niger,Laridae,Charadriiformes,AVIBASE-115AF02D,8,31.1,18.4,3.5,5.4,15.8,201.7,123.7,75.0,62.1,77.8,65.3,Wetland,3,3.0,Carnivore,Aquatic predator,Aerial,35.73,63.05,50.61,-10.11,12943719.56
Caspian Tern,143,Caspian Tern,Caspian Tern,143,Caspian Tern,Caspian Tern,Hydroprogne caspia,Hydroprogne caspia,Hydroprogne caspia,Laridae,Charadriiformes,AVIBASE-BC06BC0D,4,78.7,49.1,10.4,19.2,42.6,410.7,268.2,143.1,65.1,148.7,655.0,Wetland,3,3.0,Carnivore,Aquatic predator,Aerial,-46.99,65.99,7.58,76.67,6293644.91
Common Tern,144,Common Tern,Common Tern,144,Common Tern,Common Tern,Sterna hirundo,Sterna hirundo,Sterna hirundo,Laridae,Charadriiformes,AVIBASE-4D2FF6F1,8,44.5,24.2,3.8,7.0,19.5,253.3,170.6,82.6,67.3,129.8,129.2,Marine,3,3.0,Carnivore,Aquatic predator,Aerial,4.3,71.19,50.38,63.44,30248469.5
Elegant Tern,145,Elegant Tern,Elegant Tern,145,Elegant Tern,Elegant Tern,Thalasseus elegans,Thalasseus elegans,Thalasseus elegans,Laridae,Charadriiformes,AVIBASE-3F9E1C51,4,64.4,44.6,5.8,10.3,28.2,296.6,194.5,97.5,66.6,126.6,260.0,Coastal,3,3.0,Carnivore,Aquatic predator,Aerial,24.14,33.83,31.85,-116.3,1309.31
Forsters Tern,146,Forster's Tern,Forster's Tern,146,Forster's Tern,Forster's Tern,Sterna forsteri,Sterna forsteri,Sterna forsteri,Laridae,Charadriiformes,AVIBASE-D13B9122,4,45.3,28.0,4.9,8.8,24.3,252.6,173.5,79.0,68.7,131.4,149.0,Wetland,3,3.0,Carnivore,Aquatic predator,Aerial,25.88,55.17,46.22,-104.5,1801878.95
Least Tern,147,Least Tern,Least Tern,147,Least Tern,Least Tern,Sternula antillarum,Sternula antillarum,Sternula antillarum,Laridae,Charadriiformes,AVIBASE-BE78E765,8,29.5,19.8,3.1,5.6,14.6,165.1,114.2,51.0,69.1,77.8,45.9,Marine,3,3.0,Carnivore,Aquatic predator,Aerial,10.86,48.16,29.11,-91.26,1340830.63
Green tailed Towhee,148,Green-tailed Towhee,Green-tailed Towhee,148,Green-tailed Towhee,Green-tailed Towhee,Pipilo chlorurus,Pipilo chlorurus,Pipilo chlorurus,Passerellidae,Passeriformes,AVIBASE-45D829B3,4,15.1,9.3,4.7,6.9,24.1,77.6,13.1,64.9,16.8,87.6,29.4,Shrubland,2,3.0,Omnivore,Omnivore,Generalist,30.27,48.81,39.82,-112.47,1737517.52
Brown Thrasher,149,Brown Thrasher,Brown Thrasher,149,Brown Thrasher,Brown Thrasher,Toxostoma rufum,Toxostoma rufum,Toxostoma rufum,Mimidae,Passeriformes,AVIBASE-C8F9F2D0,4,30.1,19.3,5.4,6.3,34.2,102.5,14.0,86.7,13.9,121.8,68.8,Shrubland,1,2.0,Omnivore,Omnivore,Generalist,25.78,54.12,41.75,-92.94,5678627.88
Lazuli Bunting,15,Lazuli Bunting,Lazuli Bunting,15,Lazuli Bunting,Lazuli Bunting,Passerina amoena,Passerina amoena,Passerina amoena,Cardinalidae,Passeriformes,AVIBASE-9F67F3AF,11,11.8,7.3,4.8,6.1,16.8,70.4,16.5,53.9,23.4,54.2,15.5,Shrubland,2,3.0,Herbivore,Omnivore,Insessorial,29.61,52.0,43.16,-112.04,2824052.43
Sage Thrasher,150,Sage Thrasher,Sage Thrasher,150,Sage Thrasher,Sage Thrasher,Oreoscoptes montanus,Oreoscoptes montanus,Oreoscoptes montanus,Mimidae,Passeriformes,AVIBASE-F6DF700B,4,20.8,12.1,4.4,5.3,29.4,97.7,25.4,72.3,26.0,96.0,44.2,Shrubland,3,3.0,Carnivore,Invertivore,Terrestrial,33.62,51.21,42.73,-111.95,1992131.03
Black capped Vireo,151,Black-capped Vireo,Black-capped Vireo,151,Black-capped Vireo,Black-capped Vireo,Vireo atricapilla,Vireo atricapilla,Vireo atricapilla,Vireonidae,Passeriformes,AVIBASE-DEFD8414,4,13.1,6.8,3.7,3.3,19.8,54.8,8.2,46.6,14.9,42.9,9.0,Shrubland,2,3.0,Carnivore,Invertivore,Insessorial,23.07,35.95,29.22,-100.09,315128.21
Blue headed Vireo,152,Blue-headed Vireo,Blue-headed Vireo,152,Blue-headed Vireo,Blue-headed Vireo,Vireo solitarius,Vireo solitarius,Vireo solitarius,Vireonidae,Passeriformes,AVIBASE-95DB0943,4,13.7,7.5,4.0,4.4,18.6,75.3,22.1,53.2,29.3,51.4,15.3,Forest,1,3.0,Carnivore,Invertivore,Insessorial,34.76,62.01,51.05,-92.77,3329804.9
Philadelphia Vireo,153,Philadelphia Vireo,Philadelphia Vireo,153,Philadelphia Vireo,Philadelphia Vireo,Vireo philadelphicus,Vireo philadelphicus,Vireo philadelphicus,Vireonidae,Passeriformes,AVIBASE-447A1BA5,4,13.2,6.9,3.4,3.5,17.0,66.2,17.0,49.4,25.6,47.1,11.5,Woodland,1,3.0,Carnivore,Invertivore,Insessorial,43.55,59.51,51.96,-99.55,2750346.28
Red eyed Vireo,154,Red-eyed Vireo,Red-eyed Vireo,154,Red-eyed Vireo,Red-eyed Vireo,Vireo olivaceus,Vireo olivaceus,Vireo olivaceus,Vireonidae,Passeriformes,AVIBASE-847717E2,8,16.4,9.6,4.3,4.4,19.5,77.5,23.6,55.6,29.8,52.7,16.1,Forest,1,3.0,Omnivore,Invertivore,Insessorial,25.72,66.32,45.77,-96.24,8742854.76
Warbling Vireo,155,Warbling Vireo,Warbling Vireo,155,Warbling Vireo,Warbling Vireo,Vireo gilvus,Vireo gilvus,Vireo gilvus,Vireonidae,Passeriformes,AVIBASE-66AA469C,11,14.3,7.5,3.7,3.7,17.6,70.1,16.5,53.5,23.5,51.3,12.7,Forest,1,3.0,Carnivore,Invertivore,Insessorial,16.11,66.86,45.21,-105.84,9680437.56
White eyed Vireo,156,White-eyed Vireo,White-eyed Vireo,156,White-eyed Vireo,White-eyed Vireo,Vireo griseus,Vireo griseus,Vireo griseus,Vireonidae,Passeriformes,AVIBASE-D97F93CC,11,13.7,7.4,3.9,4.1,19.5,61.6,11.1,50.6,17.9,48.9,11.4,Shrubland,2,3.0,Carnivore,Invertivore,Insessorial,20.09,42.84,34.73,-88.7,3034548.86
Yellow throated Vireo,157,Yellow-throated Vireo,Yellow-throated Vireo,157,Yellow-throated Vireo,Yellow-throated Vireo,Vireo flavifrons,Vireo flavifrons,Vireo flavifrons,Vireonidae,Passeriformes,AVIBASE-F8DDF6A6,4,15.1,8.5,4.3,4.9,19.3,76.3,25.8,50.4,33.8,48.4,18.0,Forest,2,3.0,Carnivore,Invertivore,Insessorial,28.07,49.87,38.91,-86.42,3167329.54
Bay breasted Warbler,158,Bay-breasted Warbler,Bay-breasted Warbler,158,Bay-breasted Warbler,Bay-breasted Warbler,Setophaga castanea,Setophaga castanea,Setophaga castanea,Parulidae,Passeriformes,AVIBASE-10C601D3,4,13.5,7.9,3.8,3.8,19.1,69.9,22.0,50.2,30.6,51.6,11.8,Forest,1,3.0,Omnivore,Invertivore,Insessorial,43.15,64.05,52.51,-92.37,2650066.12
Black and white Warbler,159,Black-and-white Warbler,Black-and-white Warbler,159,Black-and-white Warbler,Black-and-white Warbler,Mniotilta varia,Mniotilta varia,Mniotilta varia,Parulidae,Passeriformes,AVIBASE-4D207AF6,4,13.7,9.0,2.9,3.3,17.3,68.8,17.0,49.7,25.5,46.6,10.9,Forest,1,3.0,Carnivore,Invertivore,Insessorial,30.21,65.04,48.07,-92.35,5385503.08
Painted Bunting,16,Painted Bunting,Painted Bunting,16,Painted Bunting,Painted Bunting,Passerina ciris,Passerina ciris,Passerina ciris,Cardinalidae,Passeriformes,AVIBASE-0BDB87DE,8,11.7,7.6,4.9,6.5,18.8,69.6,15.0,54.1,21.6,52.4,15.5,Shrubland,2,3.0,Herbivore,Granivore,Terrestrial,25.29,39.1,32.24,-97.06,1410893.89
Black throated Blue Warbler,160,Black-throated Blue Warbler,Black-throated Blue Warbler,160,Black-throated Blue Warbler,Black-throated Blue Warbler,Setophaga caerulescens,Setophaga caerulescens,Setophaga caerulescens,Parulidae,Passeriformes,AVIBASE-67B455A7,4,13.0,7.4,3.4,3.3,18.6,62.2,14.9,47.0,24.1,48.9,10.1,Forest,1,3.0,Carnivore,Invertivore,Insessorial,33.82,49.94,44.91,-77.04,1168234.94
Blue winged Warbler,161,Blue-winged Warbler,Blue-winged Warbler,161,Blue-winged Warbler,Blue-winged Warbler,Vermivora cyanoptera,Vermivora cyanoptera,Vermivora cyanoptera,Parulidae,Passeriformes,AVIBASE-B617FE7D,4,13.0,8.5,3.0,3.3,16.3,58.3,14.3,42.6,25.2,42.5,8.9,Shrubland,1,3.0,Carnivore,Invertivore,Insessorial,33.31,44.73,39.65,-83.95,1491745.35
Canada Warbler,162,Canada Warbler,Canada Warbler,162,Canada Warbler,Canada Warbler,Cardellina canadensis,Cardellina canadensis,Cardellina canadensis,Parulidae,Passeriformes,AVIBASE-F2D675AF,4,13.0,7.2,4.0,3.6,19.2,62.5,16.5,47.3,25.9,52.7,10.0,Forest,1,3.0,Carnivore,Invertivore,Insessorial,34.65,60.45,49.78,-87.55,2768373.43
Cape May Warbler,163,Cape May Warbler,Cape May Warbler,163,Cape May Warbler,Cape May Warbler,Setophaga tigrina,Setophaga tigrina,Setophaga tigrina,Parulidae,Passeriformes,AVIBASE-DB20CB6B,4,12.6,7.6,3.2,3.3,17.5,65.7,17.5,48.2,26.7,45.2,10.0,Forest,1,3.0,Omnivore,Invertivore,Insessorial,44.03,63.17,53.12,-97.55,2530023.76
Cerulean Warbler,164,Cerulean Warbler,Cerulean Warbler,164,Cerulean Warbler,Cerulean Warbler,Setophaga cerulea,Setophaga cerulea,Setophaga cerulea,Parulidae,Passeriformes,AVIBASE-D00EC2C9,4,14.3,8.2,3.2,3.3,15.5,65.6,21.9,44.0,33.2,42.3,9.0,Forest,1,3.0,Carnivore,Invertivore,Insessorial,33.26,47.22,40.57,-85.47,1849163.51
Chestnut sided Warbler,165,Chestnut-sided Warbler,Chestnut-sided Warbler,165,Chestnut-sided Warbler,Chestnut-sided Warbler,Setophaga pensylvanica,Setophaga pensylvanica,Setophaga pensylvanica,Parulidae,Passeriformes,AVIBASE-7AB1229B,4,13.4,7.6,3.6,3.6,18.7,61.6,16.9,46.5,26.6,46.2,9.3,Forest,2,3.0,Carnivore,Invertivore,Insessorial,34.92,54.44,47.41,-83.82,2422614.2
Golden winged Warbler,166,Golden-winged Warbler,Golden-winged Warbler,166,Golden-winged Warbler,Golden-winged Warbler,Vermivora chrysoptera,Vermivora chrysoptera,Vermivora chrysoptera,Parulidae,Passeriformes,AVIBASE-83F326C8,4,14.6,9.0,3.2,3.5,17.9,60.6,15.6,44.9,25.9,44.9,8.7,Shrubland,2,3.0,Carnivore,Invertivore,Insessorial,34.73,49.47,43.32,-82.67,946202.7
Hooded Warbler,167,Hooded Warbler,Hooded Warbler,167,Hooded Warbler,Hooded Warbler,Setophaga citrina,Setophaga citrina,Setophaga citrina,Parulidae,Passeriformes,AVIBASE-15EB3000,4,13.7,7.9,3.8,3.6,19.2,64.7,13.6,49.7,21.5,55.1,10.5,Forest,2,3.0,Carnivore,Invertivore,Insessorial,28.52,43.51,36.02,-85.15,2007300.04
Kentucky Warbler,168,Kentucky Warbler,Kentucky Warbler,168,Kentucky Warbler,Kentucky Warbler,Geothlypis formosa,Geothlypis formosa,Geothlypis formosa,Parulidae,Passeriformes,AVIBASE-8C105C3C,4,13.8,8.7,3.5,3.7,22.8,66.9,16.6,50.0,24.9,48.1,14.0,Forest,1,3.0,Carnivore,Invertivore,Generalist,29.58,44.47,36.24,-86.53,1970256.38
Magnolia Warbler,169,Magnolia Warbler,Magnolia Warbler,169,Magnolia Warbler,Magnolia Warbler,Setophaga magnolia,Setophaga magnolia,Setophaga magnolia,Parulidae,Passeriformes,AVIBASE-1E82CE1E,5,12.1,7.1,3.1,3.1,18.2,58.4,12.6,46.9,21.1,46.5,8.1,Forest,1,3.0,Carnivore,Invertivore,Insessorial,38.23,64.04,52.19,-95.33,3661483.1
Cardinal,17,Cardinal Woodpecker,Cardinal Woodpecker,17,Cardinal Woodpecker,Cardinal Woodpecker,Dendropicos fuscescens,Dendropicos fuscescens,Dendropicos fuscescens,Picidae,Piciformes,AVIBASE-0A241B83,5,20.0,14.8,5.5,5.9,15.9,92.0,20.7,71.5,22.5,48.4,26.0,Shrubland,2,1.0,Carnivore,Invertivore,Insessorial,-34.84,15.45,-7.51,23.29,12708768.94
Mourning Warbler,170,Mourning Warbler,Mourning Warbler,170,Mourning Warbler,Mourning Warbler,Geothlypis philadelphia,Geothlypis philadelphia,Geothlypis philadelphia,Parulidae,Passeriformes,AVIBASE-1A0096F2,7,12.5,8.0,3.3,3.6,22.1,59.0,15.1,44.7,25.3,47.8,11.7,Forest,1,3.0,Carnivore,Invertivore,Insessorial,37.6,59.93,49.89,-89.66,2709565.27
Myrtle Warbler,171,Myrtle Warbler,Myrtle Warbler,171,Myrtle Warbler,Myrtle Warbler,Setophaga coronata,Setophaga coronata,Setophaga coronata,Parulidae,Passeriformes,AVIBASE-524C7116,3,12.6,7.2,3.4,3.4,18.1,71.6,17.6,54.1,24.5,56.3,11.9,Forest,1,3.0,Carnivore,Invertivore,Insessorial,40.75,69.23,56.68,-107.87,7207362.84
Nashville Warbler,172,Nashville Warbler,Nashville Warbler,172,Nashville Warbler,Nashville Warbler,Leiothlypis ruficapilla,Leiothlypis ruficapilla,Leiothlypis ruficapilla,Parulidae,Passeriformes,AVIBASE-183E5F90,4,11.6,7.0,2.8,3.5,16.1,56.8,13.3,43.4,23.6,42.4,8.1,Forest,1,3.0,Carnivore,Invertivore,Insessorial,36.29,56.58,47.87,-88.86,2772463.48
Orange crowned Warbler,173,Orange-crowned Warbler,Orange-crowned Warbler,173,Orange-crowned Warbler,Orange-crowned Warbler,Leiothlypis celata,Leiothlypis celata,Leiothlypis celata,Parulidae,Passeriformes,AVIBASE-FFF61080,4,11.8,7.8,3.8,4.0,18.4,59.9,13.8,46.0,23.0,46.5,9.2,Shrubland,1,3.0,Carnivore,Invertivore,Insessorial,30.58,68.99,54.4,-116.99,7482895.14
Palm Warbler,174,Palm Warbler,Palm Warbler,174,Palm Warbler,Palm Warbler,Setophaga palmarum,Setophaga palmarum,Setophaga palmarum,Parulidae,Passeriformes,AVIBASE-4AAEF549,4,12.9,7.1,2.8,3.1,19.1,63.7,12.7,50.4,20.1,51.0,10.3,Forest,1,3.0,Carnivore,Invertivore,Insessorial,42.85,65.15,53.46,-93.54,3394685.27
Pine Warbler,175,Pine Warbler,Pine Warbler,175,Pine Warbler,Pine Warbler,Setophaga pinus,Setophaga pinus,Setophaga pinus,Parulidae,Passeriformes,AVIBASE-6283E61E,6,13.4,8.0,3.1,3.8,18.6,71.8,20.6,51.2,28.6,54.0,11.8,Forest,2,3.0,Carnivore,Invertivore,Insessorial,17.61,52.12,38.54,-83.72,2073441.98
Prairie Warbler,176,Prairie Warbler,Prairie Warbler,176,Prairie Warbler,Prairie Warbler,Setophaga discolor,Setophaga discolor,Setophaga discolor,Parulidae,Passeriformes,AVIBASE-E36325FA,7,11.8,7.2,2.8,2.9,17.7,55.5,11.1,44.4,20.0,48.4,7.6,Shrubland,2,3.0,Carnivore,Invertivore,Insessorial,24.53,45.96,35.89,-83.73,1565603.51
Prothonotary Warbler,177,Prothonotary Warbler,Prothonotary Warbler,177,Prothonotary Warbler,Prothonotary Warbler,Protonotaria citrea,Protonotaria citrea,Protonotaria citrea,Parulidae,Passeriformes,AVIBASE-4D08EE7E,4,17.1,10.8,3.8,3.9,18.3,68.9,20.9,48.9,30.0,42.7,14.3,Forest,1,3.0,Carnivore,Invertivore,Insessorial,25.81,45.28,36.53,-88.1,2173071.74
Swainson Warbler,178,Swainson's Warbler,Swainson's Warbler,178,Swainson's Warbler,Swainson's Warbler,Limnothlypis swainsonii,Limnothlypis swainsonii,Limnothlypis swainsonii,Parulidae,Passeriformes,AVIBASE-D3624203,4,17.8,11.4,3.4,4.3,17.7,71.6,17.9,53.9,25.0,49.6,18.9,Shrubland,1,3.0,Carnivore,Invertivore,Terrestrial,28.57,39.16,33.39,-87.71,1142671.96
Tennessee Warbler,179,Tennessee Warbler,Tennessee Warbler,179,Tennessee Warbler,Tennessee Warbler,Leiothlypis peregrina,Leiothlypis peregrina,Leiothlypis peregrina,Parulidae,Passeriformes,AVIBASE-D204A930,4,10.9,7.8,3.1,3.2,18.3,62.5,16.6,47.6,25.9,42.1,8.9,Forest,1,3.0,Carnivore,Invertivore,Insessorial,43.39,67.44,54.36,-100.86,4777801.14
Spotted Catbird,18,Spotted Catbird,Spotted Catbird,18,Spotted Catbird,Spotted Catbird,Ailuroedus melanotis,Ailuroedus melanotis,Ailuroedus melanotis,Ptilonorhynchidae,Passeriformes,AVIBASE-65B79400,4,37.5,21.0,10.7,16.0,45.8,157.8,32.9,127.4,20.5,115.8,176.9,Forest,1,1.0,Herbivore,Frugivore,Insessorial,-19.47,-0.52,-9.15,143.25,167335.29
Wilson Warbler,180,Wilson's Warbler,Wilson's Warbler,180,Wilson's Warbler,Wilson's Warbler,Cardellina pusilla,Cardellina pusilla,Cardellina pusilla,Parulidae,Passeriformes,AVIBASE-1F09CCCC,4,11.6,6.6,3.2,3.1,17.9,56.3,11.5,44.1,20.7,48.1,7.0,Forest,1,3.0,Carnivore,Invertivore,Insessorial,34.29,69.66,56.95,-113.01,7961357.24
Worm eating Warbler,181,Worm-eating Warbler,Worm-eating Warbler,181,Worm-eating Warbler,Worm-eating Warbler,Helmitheros vermivorum,Helmitheros vermivorum,Helmitheros vermivorum,Parulidae,Passeriformes,AVIBASE-295C4CD6,4,15.3,10.2,3.7,4.5,17.7,68.3,18.0,50.6,26.2,48.4,14.2,Forest,1,3.0,Carnivore,Invertivore,Insessorial,30.13,43.17,36.37,-85.71,1754178.4
Yellow Warbler,182,African Yellow Warbler,African Yellow Warbler,182,African Yellow Warbler,African Yellow Warbler,Iduna natalensis,Iduna natalensis,Iduna natalensis,Acrocephalidae,Passeriformes,AVIBASE-EBBD09CA,4,14.6,7.8,4.9,3.4,20.7,61.5,8.4,52.7,13.8,60.8,11.7,Shrubland,2,1.0,Carnivore,Invertivore,Insessorial,-32.66,11.63,-8.74,26.84,3742433.69
Northern Waterthrush,183,Northern Waterthrush,Northern Waterthrush,183,Northern Waterthrush,Northern Waterthrush,Parkesia noveboracensis,Parkesia noveboracensis,Parkesia noveboracensis,Parulidae,Passeriformes,AVIBASE-709AF716,4,18.8,9.7,3.5,3.7,23.0,73.9,21.0,54.2,28.0,49.9,16.3,Shrubland,1,3.0,Carnivore,Invertivore,Terrestrial,37.23,69.29,55.55,-106.16,7602956.73
Louisiana Waterthrush,184,Louisiana Waterthrush,Louisiana Waterthrush,184,Louisiana Waterthrush,Louisiana Waterthrush,Parkesia motacilla,Parkesia motacilla,Parkesia motacilla,Parulidae,Passeriformes,AVIBASE-7AB0F3A4,4,17.1,11.0,4.2,4.5,22.3,79.8,23.6,56.1,29.7,49.0,19.9,Forest,1,3.0,Carnivore,Invertivore,Terrestrial,28.69,46.45,37.78,-85.92,2411690.61
Bohemian Waxwing,185,Bohemian Waxwing,Bohemian Waxwing,185,Bohemian Waxwing,Bohemian Waxwing,Bombycilla garrulus,Bombycilla garrulus,Bombycilla garrulus,Bombycillidae,Passeriformes,AVIBASE-AEF821EC,4,15.5,7.6,5.1,6.0,20.7,116.2,43.9,72.3,37.8,65.8,54.4,Forest,1,3.0,Herbivore,Omnivore,Insessorial,47.49,70.45,61.26,25.88,12792145.0
Cedar Waxwing,186,Cedar Waxwing,Cedar Waxwing,186,Cedar Waxwing,Cedar Waxwing,Bombycilla cedrorum,Bombycilla cedrorum,Bombycilla cedrorum,Bombycillidae,Passeriformes,AVIBASE-9437D635,4,15.1,6.6,4.5,4.9,16.7,95.4,33.5,62.0,35.1,59.8,31.6,Woodland,2,3.0,Herbivore,Frugivore,Insessorial,33.45,60.2,47.88,-97.87,7437954.14
American Three toed Woodpecker,187,American Three-toed Woodpecker,American Three-toed Woodpecker,187,American Three-toed Woodpecker,American Three-toed Woodpecker,Picoides tridactylus,Picoides tridactylus,Picoides tridactylus,Picidae,Piciformes,AVIBASE-94C06638,8,29.7,22.4,9.0,7.3,19.8,120.9,35.9,86.0,29.4,81.3,65.5,Forest,1,1.0,Carnivore,Invertivore,Insessorial,34.08,70.47,57.66,21.76,23486930.71
Pileated Woodpecker,188,Pileated Woodpecker,Pileated Woodpecker,188,Pileated Woodpecker,Pileated Woodpecker,Hylatomus pileatus,Hylatomus pileatus,Hylatomus pileatus,Picidae,Piciformes,AVIBASE-00635FF9,3,52.1,37.4,14.6,11.9,29.3,228.4,56.4,166.6,25.3,167.3,286.6,Forest,1,1.0,Carnivore,Invertivore,Insessorial,24.53,58.16,45.18,-93.77,5925872.32
Red bellied Woodpecker,189,Red-bellied Woodpecker,Red-bellied Woodpecker,189,Red-bellied Woodpecker,Red-bellied Woodpecker,Melanerpes carolinus,Melanerpes carolinus,Melanerpes carolinus,Picidae,Piciformes,AVIBASE-078557F2,5,32.6,21.6,7.1,7.6,21.1,127.2,35.5,90.4,28.2,76.8,69.5,Woodland,1,1.0,Omnivore,Omnivore,Insessorial,24.53,46.9,36.96,-88.0,3074161.82
Gray Catbird,19,Grey Catbird,Grey Catbird,19,Grey Catbird,Grey Catbird,Dumetella carolinensis,Dumetella carolinensis,Dumetella carolinensis,Mimidae,Passeriformes,AVIBASE-95B77F08,7,19.2,11.1,4.0,4.8,27.4,90.7,16.8,73.4,18.6,90.3,35.3,Shrubland,1,3.0,Omnivore,Invertivore,Insessorial,28.33,55.06,42.61,-95.25,6824562.12
Red cockaded Woodpecker,190,Red-cockaded Woodpecker,Red-cockaded Woodpecker,190,Red-cockaded Woodpecker,Red-cockaded Woodpecker,Leuconotopicus borealis,Leuconotopicus borealis,Leuconotopicus borealis,Picidae,Piciformes,AVIBASE-0BFCAE79,4,18.2,14.1,6.8,6.1,21.1,117.0,37.2,78.8,32.1,85.0,48.0,Forest,2,1.0,Carnivore,Invertivore,Insessorial,25.85,37.47,32.35,-85.56,603894.41
Red headed Woodpecker,191,Red-headed Woodpecker,Red-headed Woodpecker,191,Red-headed Woodpecker,Red-headed Woodpecker,Melanerpes erythrocephalus,Melanerpes erythrocephalus,Melanerpes erythrocephalus,Picidae,Piciformes,AVIBASE-448D91B7,4,27.3,20.3,7.6,7.4,20.6,139.7,40.6,98.9,29.1,83.3,71.6,Forest,1,1.0,Carnivore,Invertivore,Insessorial,25.64,51.7,40.26,-93.26,5461683.2
Downy Woodpecker,192,Downy Woodpecker,Downy Woodpecker,192,Downy Woodpecker,Downy Woodpecker,Dryobates pubescens,Dryobates pubescens,Dryobates pubescens,Picidae,Piciformes,AVIBASE-1B2A6386,5,17.4,12.2,4.9,4.8,15.8,91.3,24.3,65.9,27.0,58.6,25.6,Woodland,2,1.0,Carnivore,Invertivore,Insessorial,24.53,68.3,48.23,-104.67,12800223.82
Bewick Wren,193,Bewick's Wren,Bewick's Wren,193,Bewick's Wren,Bewick's Wren,Thryomanes bewickii,Thryomanes bewickii,Thryomanes bewickii,Troglodytidae,Passeriformes,AVIBASE-603194D3,4,15.5,10.1,2.6,3.0,17.5,54.0,7.3,46.1,13.8,51.2,9.9,Shrubland,2,2.0,Carnivore,Invertivore,Generalist,16.27,50.41,33.54,-106.62,3360146.45
Cactus Wren,194,Cactus Wren,Cactus Wren,194,Cactus Wren,Cactus Wren,Campylorhynchus brunneicapillus,Campylorhynchus brunneicapillus,Campylorhynchus brunneicapillus,Troglodytidae,Passeriformes,AVIBASE-891F222F,4,26.1,16.4,4.0,5.7,26.2,83.2,11.3,70.7,13.7,86.4,38.9,Shrubland,3,1.0,Carnivore,Invertivore,Insessorial,19.31,38.69,29.03,-105.91,1847263.76
Carolina Wren,195,Carolina Wren,Carolina Wren,195,Carolina Wren,Carolina Wren,Thryothorus ludovicianus,Thryothorus ludovicianus,Thryothorus ludovicianus,Troglodytidae,Passeriformes,AVIBASE-5217F951,10,16.9,11.1,3.2,3.9,21.4,59.4,6.8,52.6,11.4,50.7,19.0,Woodland,2,1.0,Carnivore,Invertivore,Insessorial,21.45,45.64,35.21,-87.93,3040027.22
House Wren,196,House Wren,House Wren,196,House Wren,House Wren,Troglodytes aedon,Troglodytes aedon,Troglodytes aedon,Troglodytidae,Passeriformes,AVIBASE-7B6E99A9,26,15.9,9.8,3.0,3.1,20.1,51.4,6.7,44.9,12.9,41.1,10.9,Shrubland,3,1.0,Carnivore,Invertivore,Insessorial,-55.72,59.66,4.96,-75.18,25653883.47
Marsh Wren,197,Marsh Wren,Marsh Wren,197,Marsh Wren,Marsh Wren,Cistothorus palustris,Cistothorus palustris,Cistothorus palustris,Troglodytidae,Passeriformes,AVIBASE-787E0536,4,16.0,9.9,2.7,3.4,19.2,48.4,9.7,38.7,20.0,39.5,10.8,Wetland,3,2.0,Carnivore,Invertivore,Insessorial,19.33,59.35,44.47,-102.65,4855077.99
Rock Wren,198,Rock Wren,Rock Wren,198,Rock Wren,Rock Wren,Salpinctes obsoletus,Salpinctes obsoletus,Salpinctes obsoletus,Troglodytidae,Passeriformes,AVIBASE-76DF73A9,4,19.9,12.6,2.9,3.4,20.1,69.0,11.8,56.6,17.3,55.6,16.4,Rock,3,1.0,Carnivore,Invertivore,Terrestrial,10.66,54.32,37.18,-108.97,5424173.4
Winter Wren,199,Winter Wren,Winter Wren,199,Winter Wren,Winter Wren,Troglodytes hiemalis,Troglodytes hiemalis,Troglodytes hiemalis,Troglodytidae,Passeriformes,AVIBASE-C757BD95,4,12.5,8.5,2.3,2.3,18.1,45.8,7.7,38.0,17.0,27.6,8.9,Forest,1,3.0,Carnivore,Invertivore,Insessorial,34.58,60.53,49.93,-87.13,3348061.18
Laysan Albatross,2,Laysan Albatross,Laysan Albatross,2,Laysan Albatross,Laysan Albatross,Phoebastria immutabilis,Phoebastria immutabilis,Phoebastria immutabilis,Diomedeidae,Procellariiformes,AVIBASE-98FB6D4B,2,108.0,74.6,20.7,28.2,82.6,474.4,313.0,159.5,66.2,147.2,3145.9,Marine,3,2.0,Carnivore,Aquatic predator,Aquatic,12.81,65.2,35.54,-24.85,45350856.11
Yellow breasted Chat,20,Yellow-breasted Chat,Yellow-breasted Chat,20,Yellow-breasted Chat,Yellow-breasted Chat,Icteria virens,Icteria virens,Icteria virens,Icteridae,Passeriformes,AVIBASE-734C73A9,5,16.3,10.5,4.8,6.3,26.1,76.5,16.3,60.5,21.3,71.8,24.9,Forest,2,1.0,Carnivore,Invertivore,Insessorial,20.9,53.94,38.56,-103.26,6188045.96
Common Yellowthroat,200,Common Yellowthroat,Common Yellowthroat,200,Common Yellowthroat,Common Yellowthroat,Geothlypis trichas,Geothlypis trichas,Geothlypis trichas,Parulidae,Passeriformes,AVIBASE-BA4C8A02,5,12.7,7.9,3.0,3.3,20.2,54.7,8.5,44.3,16.1,49.4,9.5,Wetland,1,3.0,Carnivore,Invertivore,Insessorial,18.49,65.84,44.7,-101.34,12826786.25
Eastern Towhee,21,Eastern Towhee,Eastern Towhee,21,Eastern Towhee,Eastern Towhee,Pipilo erythrophthalmus,Pipilo erythrophthalmus,Pipilo erythrophthalmus,Passerellidae,Passeriformes,AVIBASE-6090278A,8,15.4,9.8,5.5,8.2,27.0,82.3,11.1,70.8,13.6,91.7,40.0,Forest,2,2.0,Herbivore,Omnivore,Generalist,24.53,51.51,39.13,-85.4,3162018.06
Chuck will Widow,22,Chuck-will's-widow,Chuck-will's-widow,22,Chuck-will's-widow,Chuck-will's-widow,Antrostomus carolinensis,Antrostomus carolinensis,Antrostomus carolinensis,Caprimulgidae,Caprimulgiformes,AVIBASE-8D3E8871,4,15.2,7.5,6.2,4.0,17.5,207.7,106.2,100.1,51.5,141.1,109.0,Woodland,2,3.0,Carnivore,Invertivore,Aerial,24.95,42.41,33.91,-88.6,1808676.44
Brandt Cormorant,23,Brandt's Cormorant,Brandt's Cormorant,23,Brandt's Cormorant,Brandt's Cormorant,Urile penicillatus,Urile penicillatus,Urile penicillatus,Phalacrocoracidae,Suliformes,AVIBASE-987A703D,4,76.5,60.1,12.7,17.8,65.5,280.6,103.2,174.5,37.1,115.4,2224.2,Marine,3,2.0,Carnivore,Aquatic predator,Aquatic,24.06,52.44,41.19,-122.33,326313.7
Red faced Cormorant,24,Red-faced Cormorant,Red-faced Cormorant,24,Red-faced Cormorant,Red-faced Cormorant,Urile urile,Urile urile,Urile urile,Phalacrocoracidae,Suliformes,AVIBASE-05DDE8C1,4,55.5,42.4,9.2,11.6,56.2,270.4,84.7,186.1,31.3,154.2,2117.7,Marine,3,1.0,Carnivore,Aquatic predator,Aquatic,41.89,61.51,52.54,26.88,1348091.15
Pelagic Cormorant,25,Pelagic Cormorant,Pelagic Cormorant,25,Pelagic Cormorant,Pelagic Cormorant,Urile pelagicus,Urile pelagicus,Urile pelagicus,Phalacrocoracidae,Suliformes,AVIBASE-A429B5B8,4,51.9,38.8,8.4,10.0,53.6,254.4,87.0,171.3,33.6,137.4,1844.0,Marine,3,1.0,Carnivore,Aquatic predator,Aquatic,31.79,70.32,56.1,13.61,1686730.59
Bronzed Cowbird,26,Bronzed Cowbird,Bronzed Cowbird,26,Bronzed Cowbird,Bronzed Cowbird,Molothrus aeneus,Molothrus aeneus,Molothrus aeneus,Icteridae,Passeriformes,AVIBASE-EAEEA093,4,22.2,14.7,6.1,9.7,29.1,108.0,27.1,80.4,25.3,77.0,62.6,Forest,2,1.0,Omnivore,Granivore,Terrestrial,7.2,35.86,23.63,-99.9,2518193.73
Shiny Cowbird,27,Shiny Cowbird,Shiny Cowbird,27,Shiny Cowbird,Shiny Cowbird,Molothrus bonariensis,Molothrus bonariensis,Molothrus bonariensis,Icteridae,Passeriformes,AVIBASE-AA779804,4,19.7,12.5,6.5,8.3,25.5,109.9,29.5,78.2,27.3,82.7,41.5,Woodland,2,1.0,Omnivore,Invertivore,Terrestrial,-44.17,28.13,-10.72,-59.54,13210499.69
Brown Creeper,28,Brown Creeper,Brown Creeper,28,Brown Creeper,Brown Creeper,Certhia americana,Certhia americana,Certhia americana,Certhiidae,Passeriformes,AVIBASE-BAC33609,4,16.2,9.6,2.0,2.8,14.2,63.6,15.3,48.2,24.1,63.3,8.1,Forest,1,1.0,Carnivore,Invertivore,Insessorial,12.86,63.31,45.97,-101.91,6543644.5
American Crow,29,American Crow,American Crow,29,American Crow,American Crow,Corvus brachyrhynchos,Corvus brachyrhynchos,Corvus brachyrhynchos,Corvidae,Passeriformes,AVIBASE-9E9F2476,4,51.1,35.4,14.7,17.7,59.3,309.6,109.1,199.9,35.3,177.3,448.8,Human Modified,2,2.0,Omnivore,Omnivore,Terrestrial,24.53,63.75,46.23,-97.42,11573830.54
Sooty Albatross,3,Sooty Albatross,Sooty Albatross,3,Sooty Albatross,Sooty Albatross,Phoebetria fusca,Phoebetria fusca,Phoebetria fusca,Diomedeidae,Procellariiformes,AVIBASE-4976BF1D,4,108.9,71.4,17.6,29.8,76.2,510.2,348.5,161.8,68.3,268.8,2553.7,Marine,3,2.0,Carnivore,Aquatic predator,Aquatic,-74.01,-20.45,-45.67,34.43,61330907.01
Fish Crow,30,Fish Crow,Fish Crow,30,Fish Crow,Fish Crow,Corvus ossifragus,Corvus ossifragus,Corvus ossifragus,Corvidae,Passeriformes,AVIBASE-43E56D2C,4,43.3,27.2,13.8,14.8,47.1,276.7,100.6,176.2,36.3,157.1,284.6,Coastal,3,1.0,Omnivore,Omnivore,Terrestrial,24.53,44.92,33.75,-84.16,970986.53
Black billed Cuckoo,31,Black-billed Cuckoo,Black-billed Cuckoo,31,Black-billed Cuckoo,Black-billed Cuckoo,Coccyzus erythropthalmus,Coccyzus erythropthalmus,Coccyzus erythropthalmus,Cuculidae,Cuculiformes,AVIBASE-41E9F54B,4,27.0,17.0,5.7,6.6,22.9,136.9,55.3,80.3,40.8,143.4,50.9,Forest,1,3.0,Carnivore,Invertivore,Insessorial,32.02,55.74,43.59,-90.65,4944717.14
Mangrove Cuckoo,32,Mangrove Cuckoo,Mangrove Cuckoo,32,Mangrove Cuckoo,Mangrove Cuckoo,Coccyzus minor,Coccyzus minor,Coccyzus minor,Cuculidae,Cuculiformes,AVIBASE-84F096F7,8,31.3,20.6,6.8,9.1,28.1,135.0,43.0,92.5,31.7,155.3,63.9,Woodland,2,2.0,Carnivore,Invertivore,Insessorial,-2.92,28.42,14.86,-79.81,1105292.18
Yellow billed Cuckoo,33,Yellow-billed Cuckoo,Yellow-billed Cuckoo,33,Yellow-billed Cuckoo,Yellow-billed Cuckoo,Coccyzus americanus,Coccyzus americanus,Coccyzus americanus,Cuculidae,Cuculiformes,AVIBASE-0CF12F81,4,29.2,20.0,7.0,8.2,24.5,143.4,62.4,82.6,43.0,146.3,64.0,Forest,1,3.0,Carnivore,Invertivore,Insessorial,-14.02,48.99,36.04,-90.96,5270361.03
Gray crowned Rosy Finch,34,Grey-crowned Rosy Finch,Grey-crowned Rosy Finch,34,Grey-crowned Rosy Finch,Grey-crowned Rosy Finch,Leucosticte tephrocotis,Leucosticte tephrocotis,Leucosticte tephrocotis,Fringillidae,Passeriformes,AVIBASE-029491CD,4,12.9,9.9,6.4,8.1,19.6,105.5,38.6,66.2,36.9,69.8,37.8,Grassland,3,3.0,Herbivore,Omnivore,Terrestrial,36.31,69.4,61.61,-142.55,2279904.65
Purple Finch,35,Purple Finch,Purple Finch,35,Purple Finch,Purple Finch,Haemorhous purpureus,Haemorhous purpureus,Haemorhous purpureus,Fringillidae,Passeriformes,AVIBASE-B4EE123D,4,12.2,9.1,7.5,9.0,16.6,81.1,22.8,58.2,28.1,59.5,23.3,Forest,2,2.0,Herbivore,Omnivore,Insessorial,32.56,62.24,50.66,-99.96,4534365.72
Northern Flicker,36,Northern Flicker,Northern Flicker,36,Northern Flicker,Northern Flicker,Colaptes auratus,Colaptes auratus,Colaptes auratus,Picidae,Piciformes,AVIBASE-2B7F2525,10,38.4,27.6,8.2,7.9,28.4,151.8,37.5,114.3,24.8,105.3,131.5,Shrubland,2,2.0,Carnivore,Invertivore,Generalist,19.26,68.71,50.48,-99.78,10804791.76
Acadian Flycatcher,37,Acadian Flycatcher,Acadian Flycatcher,37,Acadian Flycatcher,Acadian Flycatcher,Empidonax virescens,Empidonax virescens,Empidonax virescens,Tyrannidae,Passeriformes,AVIBASE-2778A3F4,5,13.3,9.1,6.1,4.0,17.1,71.0,19.9,52.1,27.5,58.8,12.6,Forest,2,3.0,Carnivore,Invertivore,Insessorial,26.59,45.34,36.73,-87.99,3006134.68
Great Crested Flycatcher,38,Great Crested Flycatcher,Great Crested Flycatcher,38,Great Crested Flycatcher,Great Crested Flycatcher,Myiarchus crinitus,Myiarchus crinitus,Myiarchus crinitus,Tyrannidae,Passeriformes,AVIBASE-8D6D5F2B,4,22.7,15.5,8.5,6.9,21.8,98.8,21.6,79.4,21.4,88.1,32.1,Woodland,1,3.0,Omnivore,Invertivore,Insessorial,8.61,55.55,40.77,-88.84,5137539.15
Least Flycatcher,39,Least Flycatcher,Least Flycatcher,39,Least Flycatcher,Least Flycatcher,Empidonax minimus,Empidonax minimus,Empidonax minimus,Tyrannidae,Passeriformes,AVIBASE-F5837054,4,12.4,7.6,5.4,3.5,15.9,61.1,14.2,47.9,22.8,50.8,10.0,Forest,1,3.0,Carnivore,Invertivore,Insessorial,39.58,65.34,51.73,-102.26,5753545.24
Groove billed Ani,4,Groove-billed Ani,Groove-billed Ani,4,Groove-billed Ani,Groove-billed Ani,Crotophaga sulcirostris,Crotophaga sulcirostris,Crotophaga sulcirostris,Cuculidae,Cuculiformes,AVIBASE-C5B34740,4,26.9,17.7,9.5,16.5,33.8,129.3,24.8,103.0,19.3,162.7,82.0,Human Modified,3,1.0,Carnivore,Invertivore,Terrestrial,-23.6,30.19,12.58,-85.96,2696933.46
Olive sided Flycatcher,40,Olive-sided Flycatcher,Olive-sided Flycatcher,40,Olive-sided Flycatcher,Olive-sided Flycatcher,Contopus cooperi,Contopus cooperi,Contopus cooperi,Tyrannidae,Passeriformes,AVIBASE-951C150C,4,19.9,12.2,8.5,6.5,14.7,104.7,38.5,63.2,37.9,68.8,32.1,Forest,1,3.0,Carnivore,Invertivore,Insessorial,29.44,68.45,51.88,-110.87,9652028.65
Scissor tailed Flycatcher,41,Scissor-tailed Flycatcher,Scissor-tailed Flycatcher,41,Scissor-tailed Flycatcher,Scissor-tailed Flycatcher,Tyrannus forficatus,Tyrannus forficatus,Tyrannus forficatus,Tyrannidae,Passeriformes,AVIBASE-6F65F82B,3,22.4,13.9,7.6,6.0,18.6,121.2,45.1,74.9,37.5,214.0,39.3,Human Modified,2,3.0,Omnivore,Invertivore,Insessorial,24.1,40.59,33.46,-98.04,1445850.08
Vermilion Flycatcher,42,Vermilion Flycatcher,Vermilion Flycatcher,42,Vermilion Flycatcher,Vermilion Flycatcher,Pyrocephalus rubinus,Pyrocephalus rubinus,Pyrocephalus rubinus,Tyrannidae,Passeriformes,AVIBASE-1456993D,8,14.4,9.7,5.4,4.0,16.7,74.3,16.7,57.7,22.4,57.6,14.4,Woodland,3,3.0,Carnivore,Invertivore,Insessorial,-41.16,39.48,-0.22,-79.92,8461953.41
Yellow bellied Flycatcher,43,Yellow-bellied Flycatcher,Yellow-bellied Flycatcher,43,Yellow-bellied Flycatcher,Yellow-bellied Flycatcher,Empidonax flaviventris,Empidonax flaviventris,Empidonax flaviventris,Tyrannidae,Passeriformes,AVIBASE-7B0669CB,4,12.9,8.4,5.7,3.7,17.2,66.9,15.3,48.3,24.1,52.6,11.8,Forest,1,3.0,Carnivore,Invertivore,Insessorial,41.0,64.06,52.96,-94.52,5332665.34
Frigatebird,44,Frigatebirds,Frigatebirds,44,Frigatebirds,Frigatebirds,Fregata magnificens,Fregata magnificens,Fregata magnificens,Fregatidae,Suliformes,AVIBASE-8AA3B42E,4,121.9,95.9,25.8,22.5,28.9,642.0,413.0,232.2,64.0,439.8,1490.5,Marine,3,3.0,Carnivore,Aquatic predator,Aerial,-27.66,27.33,-14.03,-60.1,191468.89
Northern Fulmar,45,Northern Fulmar,Northern Fulmar,45,Northern Fulmar,Northern Fulmar,Fulmarus glacialis,Fulmarus glacialis,Fulmarus glacialis,Procellariidae,Procellariiformes,AVIBASE-049D9AEA,4,41.3,23.6,11.9,14.4,48.8,321.1,162.5,155.0,51.1,134.9,611.9,Marine,3,3.0,Carnivore,Aquatic predator,Aquatic,36.34,84.96,64.81,-12.35,29451058.1
Gadwall,46,Gadwall,Gadwall,46,Gadwall,Gadwall,Mareca strepera,Mareca strepera,Mareca strepera,Anatidae,Anseriformes,AVIBASE-C235A4D7,4,48.7,34.7,16.5,13.7,36.5,251.3,137.0,113.0,54.8,83.0,915.6,Wetland,3,2.0,Herbivore,Herbivore aquatic,Aquatic,27.64,67.99,49.62,29.99,18552362.65
American Goldfinch,47,American Goldfinch,American Goldfinch,47,American Goldfinch,American Goldfinch,Spinus tristis,Spinus tristis,Spinus tristis,Fringillidae,Passeriformes,AVIBASE-C9ABA616,8,11.5,8.2,4.3,6.3,13.5,69.8,19.1,50.3,27.6,48.3,12.8,Forest,1,1.0,Herbivore,Granivore,Insessorial,31.4,57.36,44.46,-96.32,7802444.22
European Goldfinch,48,European Goldfinch,European Goldfinch,48,European Goldfinch,European Goldfinch,Carduelis carduelis,Carduelis carduelis,Carduelis carduelis,Fringillidae,Passeriformes,AVIBASE-59353A05,12,15.4,11.2,5.5,7.2,14.7,77.4,25.8,51.6,33.4,48.6,16.0,Woodland,2,1.0,Herbivore,Granivore,Insessorial,23.49,63.96,50.13,35.73,11860717.87
Boat tailed Grackle,49,Boat-tailed Grackle,Boat-tailed Grackle,49,Boat-tailed Grackle,Boat-tailed Grackle,Quiscalus major,Quiscalus major,Quiscalus major,Icteridae,Passeriformes,AVIBASE-EF47E15D,4,38.5,28.1,6.9,10.5,42.8,155.0,47.6,111.9,29.7,141.4,151.2,Wetland,3,1.0,Carnivore,Omnivore,Terrestrial,24.99,41.14,30.85,-81.65,202767.11
Crested Auklet,5,Crested Auklet,Crested Auklet,5,Crested Auklet,Crested Auklet,Aethia cristatella,Aethia cristatella,Aethia cristatella,Alcidae,Charadriiformes,AVIBASE-3DC4EBB8,4,21.1,7.1,6.1,10.9,27.4,139.4,61.0,77.2,44.1,38.0,259.4,Marine,3,3.0,Carnivore,Aquatic predator,Aquatic,46.33,66.24,55.91,31.33,479141.29
Eared Grebe,50,Black-eared Wood Quail,Black-eared Wood Quail,50,Black-eared Wood Quail,Black-eared Wood Quail,Odontophorus melanotis,Odontophorus melanotis,Odontophorus melanotis,Odontophoridae,Galliformes,AVIBASE-DE957D9D,4,19.6,11.1,8.9,12.1,41.9,139.5,33.5,106.0,24.1,56.2,335.0,Forest,1,1.0,Herbivore,Omnivore,Terrestrial,7.81,16.03,12.49,-83.89,128032.3
Horned Grebe,51,Horned Grebe,Horned Grebe,51,Horned Grebe,Horned Grebe,Podiceps auritus,Podiceps auritus,Podiceps auritus,Podicipedidae,Podicipediformes,AVIBASE-018B3169,4,30.2,15.4,4.7,7.1,42.9,137.8,57.2,78.3,42.2,33.2,453.0,Wetland,3,3.0,Carnivore,Aquatic predator,Aquatic,41.12,70.66,57.33,19.63,16211072.27
Pied billed Grebe,52,Pied-billed Grebe,Pied-billed Grebe,52,Pied-billed Grebe,Pied-billed Grebe,Podilymbus podiceps,Podilymbus podiceps,Podilymbus podiceps,Podicipedidae,Podicipediformes,AVIBASE-9A8E55D0,4,28.8,14.1,5.4,10.6,37.1,125.6,41.8,81.1,34.0,32.6,411.9,Wetland,3,2.0,Carnivore,Aquatic predator,Aquatic,-51.63,62.3,21.61,-86.81,21361785.48
Western Grebe,53,Western Grebe,Western Grebe,53,Western Grebe,Western Grebe,Aechmophorus occidentalis,Aechmophorus occidentalis,Aechmophorus occidentalis,Podicipedidae,Podicipediformes,AVIBASE-C6E1197B,4,73.2,54.1,6.6,10.2,71.7,184.5,75.4,109.0,40.8,29.8,1137.0,Wetland,3,3.0,Carnivore,Aquatic predator,Aquatic,18.07,58.29,44.29,-110.04,4866227.6
Blue Grosbeak,54,Blue Grosbeak,Blue Grosbeak,54,Blue Grosbeak,Blue Grosbeak,Passerina caerulea,Passerina caerulea,Passerina caerulea,Cardinalidae,Passeriformes,AVIBASE-A7A75EA1,7,17.0,12.3,7.4,10.9,20.3,86.1,19.9,67.2,22.9,64.4,27.4,Forest,2,3.0,Carnivore,Invertivore,Generalist,9.17,46.7,32.93,-98.5,5300267.2
Evening Grosbeak,55,Evening Grosbeak,Evening Grosbeak,55,Evening Grosbeak,Evening Grosbeak,Hesperiphona vespertina,Hesperiphona vespertina,Hesperiphona vespertina,Fringillidae,Passeriformes,AVIBASE-C6B5497C,4,22.7,16.0,10.5,14.5,21.4,109.8,37.6,72.4,34.2,67.2,57.3,Forest,1,2.0,Herbivore,Omnivore,Insessorial,17.03,60.61,47.25,-102.49,3942604.88
Pine Grosbeak,56,Pine Grosbeak,Pine Grosbeak,56,Pine Grosbeak,Pine Grosbeak,Pinicola enucleator,Pinicola enucleator,Pinicola enucleator,Fringillidae,Passeriformes,AVIBASE-83AC4DAD,4,16.6,12.3,8.6,11.2,19.6,109.2,32.1,77.1,29.4,85.1,56.4,Forest,1,2.0,Herbivore,Omnivore,Insessorial,34.57,70.33,58.66,26.24,18396768.3
Rose breasted Grosbeak,57,Rose-breasted Grosbeak,Rose-breasted Grosbeak,57,Rose-breasted Grosbeak,Rose-breasted Grosbeak,Pheucticus ludovicianus,Pheucticus ludovicianus,Pheucticus ludovicianus,Cardinalidae,Passeriformes,AVIBASE-7C2FCB13,10,18.6,11.8,8.8,11.8,21.6,101.3,27.4,75.8,26.5,74.6,42.0,Forest,2,3.0,Herbivore,Omnivore,Insessorial,33.98,63.06,47.76,-96.18,3980871.24
Pigeon Guillemot,58,Pigeon Guillemot,Pigeon Guillemot,58,Pigeon Guillemot,Pigeon Guillemot,Cepphus columba,Cepphus columba,Cepphus columba,Alcidae,Charadriiformes,AVIBASE-2F5DF476,4,36.5,22.4,6.1,9.9,32.0,173.4,69.2,103.5,40.1,46.4,530.0,Marine,3,3.0,Carnivore,Aquatic predator,Aquatic,34.29,69.21,55.77,-72.97,1700815.29
California Gull,59,California Gull,California Gull,59,California Gull,California Gull,Larus californicus,Larus californicus,Larus californicus,Laridae,Charadriiformes,AVIBASE-7FCE8A43,4,55.7,19.8,7.0,14.2,57.0,377.0,220.2,156.8,58.4,140.0,683.4,Coastal,3,2.0,Omnivore,Omnivore,Terrestrial,37.92,64.01,52.58,-110.0,1997786.84
Least Auklet,6,Least Auklet,Least Auklet,6,Least Auklet,Least Auklet,Aethia pusilla,Aethia pusilla,Aethia pusilla,Alcidae,Charadriiformes,AVIBASE-044509DA,4,15.0,5.7,5.0,6.4,19.0,94.4,37.7,55.6,40.4,27.0,84.0,Marine,3,3.0,Carnivore,Aquatic predator,Aquatic,47.78,66.43,56.93,-4.91,65157.07
Glaucous winged Gull,60,Glaucous-winged Gull,Glaucous-winged Gull,60,Glaucous-winged Gull,Glaucous-winged Gull,Larus glaucescens,Larus glaucescens,Larus glaucescens,Laridae,Charadriiformes,AVIBASE-03AC32BA,4,69.8,25.2,9.2,19.7,65.2,411.8,218.2,193.5,53.0,166.0,1056.5,Coastal,3,3.0,Carnivore,Aquatic predator,Generalist,45.49,65.31,58.07,-98.43,899194.26
Heermann Gull,61,Heermann's Gull,Heermann's Gull,61,Heermann's Gull,Heermann's Gull,Larus heermanni,Larus heermanni,Larus heermanni,Laridae,Charadriiformes,AVIBASE-6996D540,4,56.3,18.0,6.0,12.2,51.6,336.2,185.8,150.5,55.2,133.2,500.0,Coastal,3,1.0,Carnivore,Aquatic predator,Aerial,20.29,36.98,27.49,-114.16,842438.69
Herring Gull,62,European Herring Gull,European Herring Gull,62,European Herring Gull,European Herring Gull,Larus argentatus,Larus argentatus,Larus argentatus,Laridae,Charadriiformes,AVIBASE-F002188E,2,74.0,24.5,8.9,19.6,63.2,430.8,230.3,200.5,53.4,170.2,1091.0,Coastal,3,2.0,Carnivore,Aquatic predator,Generalist,44.17,71.19,62.73,23.88,1540126.95
Ivory Gull,63,Ivory Gull,Ivory Gull,63,Ivory Gull,Ivory Gull,Pagophila eburnea,Pagophila eburnea,Pagophila eburnea,Laridae,Charadriiformes,AVIBASE-FED91A1F,4,45.1,16.5,6.6,11.6,38.7,333.4,201.8,129.2,61.0,137.0,550.0,Marine,3,2.0,Carnivore,Aquatic predator,Aerial,50.73,84.11,74.49,-22.41,17367390.8
Ring billed Gull,64,Ring-billed Gull,Ring-billed Gull,64,Ring-billed Gull,Ring-billed Gull,Larus delawarensis,Larus delawarensis,Larus delawarensis,Laridae,Charadriiformes,AVIBASE-23863F65,4,48.1,19.6,6.2,13.0,51.2,366.0,205.5,160.0,56.2,133.2,516.3,Coastal,3,2.0,Carnivore,Omnivore,Terrestrial,39.94,61.17,50.01,-101.06,5396423.36
Slaty backed Gull,65,Slaty-backed Gull,Slaty-backed Gull,65,Slaty-backed Gull,Slaty-backed Gull,Larus schistisagus,Larus schistisagus,Larus schistisagus,Laridae,Charadriiformes,AVIBASE-456C7FAE,4,68.1,24.8,9.2,19.6,68.2,435.0,231.0,204.0,53.1,171.5,1323.0,Coastal,3,2.0,Carnivore,Omnivore,Generalist,40.6,66.86,53.48,145.75,1114985.14
Western Gull,66,Western Gull,Western Gull,66,Western Gull,Western Gull,Larus occidentalis,Larus occidentalis,Larus occidentalis,Laridae,Charadriiformes,AVIBASE-575A3E3B,5,64.8,23.8,8.5,18.3,64.2,397.5,200.6,193.0,51.0,145.2,922.8,Marine,3,2.0,Carnivore,Omnivore,Generalist,27.01,46.73,35.71,-120.02,91633.8
Anna Hummingbird,67,Anna's Hummingbird,Anna's Hummingbird,67,Anna's Hummingbird,Anna's Hummingbird,Calypte anna,Calypte anna,Calypte anna,Trochilidae,Caprimulgiformes,AVIBASE-42393721,3,20.6,15.7,1.6,1.7,4.6,49.0,32.1,16.9,65.6,30.0,4.2,Woodland,2,2.0,Herbivore,Nectarivore,Aerial,28.86,49.69,37.61,-118.56,493015.73
Ruby throated Hummingbird,68,Ruby-throated Hummingbird,Ruby-throated Hummingbird,68,Ruby-throated Hummingbird,Ruby-throated Hummingbird,Archilochus colubris,Archilochus colubris,Archilochus colubris,Trochilidae,Caprimulgiformes,AVIBASE-DEC3D8D0,4,20.7,15.1,1.8,1.9,3.4,40.7,27.6,14.7,65.0,24.3,3.1,Woodland,2,3.0,Omnivore,Nectarivore,Generalist,25.86,54.77,41.87,-87.72,4936988.47
Rufous Hummingbird,69,Rufous Hummingbird,Rufous Hummingbird,69,Rufous Hummingbird,Rufous Hummingbird,Selasphorus rufus,Selasphorus rufus,Selasphorus rufus,Trochilidae,Caprimulgiformes,AVIBASE-1E1B6D19,4,20.4,15.4,1.6,1.7,2.5,40.7,28.2,13.9,67.0,29.8,3.5,Forest,2,1.0,Herbivore,Nectarivore,Aerial,41.87,61.63,51.14,-123.62,1526769.21
Parakeet Auklet,7,Parakeet Auklet,Parakeet Auklet,7,Parakeet Auklet,Parakeet Auklet,Aethia psittacula,Aethia psittacula,Aethia psittacula,Alcidae,Charadriiformes,AVIBASE-2B46719D,4,20.1,8.8,6.2,12.6,29.4,146.2,60.2,86.1,41.1,39.0,270.0,Marine,3,3.0,Carnivore,Aquatic predator,Aquatic,46.63,66.76,56.09,-57.81,400570.42
Green Violetear,70,Green-fronted Lancebill,Green-fronted Lancebill,70,Green-fronted Lancebill,Green-fronted Lancebill,Doryfera ludovicae,Doryfera ludovicae,Doryfera ludovicae,Trochilidae,Caprimulgiformes,AVIBASE-0EB01930,5,37.6,30.6,2.8,2.3,5.8,57.4,35.2,22.1,61.5,34.7,6.0,Forest,1,1.0,Herbivore,Nectarivore,Aerial,-17.25,10.47,-2.45,-74.65,387149.16
Long tailed Jaeger,71,Long-tailed Jaeger,Long-tailed Jaeger,71,Long-tailed Jaeger,Long-tailed Jaeger,Stercorarius longicaudus,Stercorarius longicaudus,Stercorarius longicaudus,Stercorariidae,Charadriiformes,AVIBASE-1D446440,4,32.9,11.2,5.4,9.2,40.7,301.7,181.4,120.2,60.2,245.5,287.9,Marine,3,3.0,Carnivore,Aquatic predator,Aerial,50.63,83.11,69.42,-33.46,6233403.78
Pomarine Jaeger,72,Pomarine Jaeger,Pomarine Jaeger,72,Pomarine Jaeger,Pomarine Jaeger,Stercorarius pomarinus,Stercorarius pomarinus,Stercorarius pomarinus,Stercorariidae,Charadriiformes,AVIBASE-7CB8F5B7,4,45.8,16.1,7.2,12.5,52.0,350.8,196.1,154.5,55.8,175.6,692.5,Marine,3,3.0,Carnivore,Aquatic predator,Aerial,-7.99,77.73,70.32,38.74,3233984.08
Blue Jay,73,Blue Jay,Blue Jay,73,Blue Jay,Blue Jay,Cyanocitta cristata,Cyanocitta cristata,Cyanocitta cristata,Corvidae,Passeriformes,AVIBASE-1DA430B8,4,29.9,18.6,10.1,8.9,34.7,130.0,22.9,108.3,17.4,121.4,88.0,Woodland,2,1.0,Omnivore,Omnivore,Terrestrial,24.53,56.76,43.18,-90.29,6665383.16
Florida Jay,74,Black-collared Jay,Black-collared Jay,74,Black-collared Jay,Black-collared Jay,Cyanolyca armillata,Cyanolyca armillata,Cyanolyca armillata,Corvidae,Passeriformes,AVIBASE-2308B348,3,29.8,17.0,9.3,10.3,41.2,138.4,11.6,126.1,8.4,166.4,200.0,Forest,1,1.0,Carnivore,Invertivore,Insessorial,4.36,9.47,6.46,-72.76,53723.98
Green Jay,75,Green Jay,Green Jay,75,Green Jay,Green Jay,Cyanocorax yncas,Cyanocorax yncas,Cyanocorax yncas,Corvidae,Passeriformes,AVIBASE-361B447A,8,29.6,16.2,9.3,9.9,38.7,121.5,9.5,112.4,7.8,139.3,78.5,Forest,2,1.0,Omnivore,Omnivore,Insessorial,-17.71,28.31,10.8,-84.26,1092392.74
Dark eyed Junco,76,Dark-eyed Junco,Dark-eyed Junco,76,Dark-eyed Junco,Dark-eyed Junco,Junco hyemalis,Junco hyemalis,Junco hyemalis,Passerellidae,Passeriformes,AVIBASE-05FF3C9B,4,11.6,7.8,4.5,5.3,21.1,75.2,16.4,58.6,21.9,63.8,19.5,Forest,2,3.0,Herbivore,Granivore,Generalist,30.59,70.27,53.3,-109.7,10167654.77
Tropical Kingbird,77,Tropical Kingbird,Tropical Kingbird,77,Tropical Kingbird,Tropical Kingbird,Tyrannus melancholicus,Tyrannus melancholicus,Tyrannus melancholicus,Tyrannidae,Passeriformes,AVIBASE-BB6B236F,4,23.5,17.4,9.7,7.4,18.7,108.8,25.5,81.6,23.7,91.9,37.4,Human Modified,3,1.0,Carnivore,Invertivore,Insessorial,-41.17,33.3,-8.87,-62.17,16505803.88
Gray Kingbird,78,Grey Kingbird,Grey Kingbird,78,Grey Kingbird,Grey Kingbird,Tyrannus dominicensis,Tyrannus dominicensis,Tyrannus dominicensis,Tyrannidae,Passeriformes,AVIBASE-F5388B5E,4,30.6,21.6,11.5,8.8,18.5,116.6,35.2,81.6,30.1,89.0,46.5,Forest,3,2.0,Carnivore,Omnivore,Insessorial,7.55,30.92,17.44,-73.02,575526.35
Belted Kingfisher,79,Belted Kingfisher,Belted Kingfisher,79,Belted Kingfisher,Belted Kingfisher,Megaceryle alcyon,Megaceryle alcyon,Megaceryle alcyon,Alcedinidae,Coraciiformes,AVIBASE-3558066B,4,58.6,44.8,9.5,13.4,12.5,158.8,53.2,105.0,33.6,94.3,148.0,Riverine,3,2.0,Carnivore,Aquatic predator,Insessorial,26.81,68.33,50.37,-106.94,13996585.38
Rhinoceros Auklet,8,Rhinoceros Auklet,Rhinoceros Auklet,8,Rhinoceros Auklet,Rhinoceros Auklet,Cerorhinca monocerata,Cerorhinca monocerata,Cerorhinca monocerata,Alcidae,Charadriiformes,AVIBASE-53D94597,4,48.5,25.5,8.5,17.6,29.4,178.8,92.9,85.8,52.0,51.2,482.2,Marine,3,3.0,Carnivore,Aquatic predator,Aquatic,33.18,60.51,50.73,-51.05,316387.33
Green Kingfisher,80,Green Kingfisher,Green Kingfisher,80,Green Kingfisher,Green Kingfisher,Chloroceryle americana,Chloroceryle americana,Chloroceryle americana,Alcedinidae,Coraciiformes,AVIBASE-ED7D6741,12,42.0,34.2,6.2,8.7,7.8,76.8,19.7,57.3,25.6,57.8,33.7,Riverine,3,1.0,Carnivore,Aquatic predator,Insessorial,-36.5,32.45,-5.49,-64.46,16946715.06
Pied Kingfisher,81,Pied Kingfisher,Pied Kingfisher,81,Pied Kingfisher,Pied Kingfisher,Ceryle rudis,Ceryle rudis,Ceryle rudis,Alcedinidae,Coraciiformes,AVIBASE-8205077F,4,64.2,50.6,9.1,11.6,11.0,136.2,47.5,90.0,34.5,75.7,84.4,Wetland,3,1.0,Carnivore,Aquatic predator,Insessorial,-34.84,38.95,7.17,44.36,23875911.23
Ringed Kingfisher,82,Ringed Kingfisher,Ringed Kingfisher,82,Ringed Kingfisher,Ringed Kingfisher,Megaceryle torquata,Megaceryle torquata,Megaceryle torquata,Alcedinidae,Coraciiformes,AVIBASE-5EFB075F,4,83.6,65.2,14.9,21.1,14.3,191.3,46.5,143.0,24.5,120.2,317.0,Riverine,3,1.0,Carnivore,Aquatic predator,Insessorial,-55.98,27.12,-12.31,-61.64,16295521.19
White breasted Kingfisher,83,White-throated Kingfisher,White-throated Kingfisher,83,White-throated Kingfisher,White-throated Kingfisher,Halcyon smyrnensis,Halcyon smyrnensis,Halcyon smyrnensis,Alcedinidae,Coraciiformes,AVIBASE-B30B6781,10,59.8,48.4,13.7,14.3,15.0,113.2,24.5,88.7,21.7,78.3,91.4,Human Modified,2,2.0,Carnivore,Omnivore,Insessorial,-7.55,38.88,21.21,83.74,6823580.46
Red legged Kittiwake,84,Red-legged Kittiwake,Red-legged Kittiwake,84,Red-legged Kittiwake,Red-legged Kittiwake,Rissa brevirostris,Rissa brevirostris,Rissa brevirostris,Laridae,Charadriiformes,AVIBASE-58B576ED,4,38.2,13.8,5.2,10.8,30.0,299.8,185.2,112.8,62.2,112.8,377.0,Marine,3,2.0,Carnivore,Aquatic predator,Aerial,51.77,61.8,55.95,-43.45,192125.06
Horned Lark,85,Horned Lark,Horned Lark,85,Horned Lark,Horned Lark,Eremophila alpestris,Eremophila alpestris,Eremophila alpestris,Alaudidae,Passeriformes,AVIBASE-FC0A1D95,4,13.9,9.2,4.2,5.0,23.5,108.1,41.7,66.2,38.6,71.4,33.3,Grassland,3,3.0,Omnivore,Omnivore,Terrestrial,4.06,77.73,53.86,4.61,35118904.89
Pacific Loon,86,Pacific Loon,Pacific Loon,86,Pacific Loon,Pacific Loon,Gavia pacifica,Gavia pacifica,Gavia pacifica,Gaviidae,Gaviiformes,AVIBASE-B7D7EF23,4,71.9,41.1,8.3,12.9,72.8,291.2,139.0,151.5,47.9,48.4,2251.1,Wetland,3,3.0,Carnivore,Aquatic predator,Aquatic,51.22,74.56,65.34,-99.42,5397186.87
Mallard,87,Mallard,Mallard,87,Mallard,Mallard,Anas platyrhynchos,Anas platyrhynchos,Anas platyrhynchos,Anatidae,Anseriformes,AVIBASE-85625D75,4,58.5,41.0,20.8,17.8,40.6,263.4,133.5,129.9,50.7,86.9,843.4,Wetland,3,2.0,Herbivore,Herbivore aquatic,Aquatic,20.46,72.37,51.63,11.04,39707247.47
Western Meadowlark,88,Western Meadowlark,Western Meadowlark,88,Western Meadowlark,Western Meadowlark,Sturnella neglecta,Sturnella neglecta,Sturnella neglecta,Icteridae,Passeriformes,AVIBASE-4A5B4883,4,33.8,22.0,6.1,7.5,35.0,117.0,32.5,84.5,27.8,71.6,100.1,Grassland,3,2.0,Omnivore,Invertivore,Terrestrial,21.43,56.55,42.66,-107.09,6719237.68
Hooded Merganser,89,Hooded Merganser,Hooded Merganser,89,Hooded Merganser,Hooded Merganser,Lophodytes cucullatus,Lophodytes cucullatus,Lophodytes cucullatus,Anatidae,Anseriformes,AVIBASE-60E6081E,4,39.6,27.6,8.3,9.3,29.2,186.6,95.0,91.5,50.9,85.6,613.8,Wetland,3,3.0,Carnivore,Aquatic predator,Aquatic,29.76,56.35,44.5,-91.96,5510396.5
Brewer Blackbird,9,Brewer's Blackbird,Brewer's Blackbird,9,Brewer's Blackbird,Brewer's Blackbird,Euphagus cyanocephalus,Euphagus cyanocephalus,Euphagus cyanocephalus,Icteridae,Passeriformes,AVIBASE-EA5E858A,4,22.6,14.4,5.8,7.5,31.0,126.4,39.1,86.2,31.2,100.6,62.5,Human Modified,3,2.0,Carnivore,Omnivore,Terrestrial,30.05,62.06,46.92,-110.63,5280448.27
Red breasted Merganser,90,Red-breasted Merganser,Red-breasted Merganser,90,Red-breasted Merganser,Red-breasted Merganser,Mergus serrator,Mergus serrator,Mergus serrator,Anatidae,Anseriformes,AVIBASE-8DB64266,4,65.0,42.8,8.2,10.6,45.5,233.6,114.8,118.0,49.3,76.2,1015.2,Wetland,3,3.0,Carnivore,Aquatic predator,Aquatic,42.01,75.22,60.86,26.86,23632905.44
Mockingbird,91,Blue Mockingbird,Blue Mockingbird,91,Blue Mockingbird,Blue Mockingbird,Melanotis caerulescens,Melanotis caerulescens,Melanotis caerulescens,Mimidae,Passeriformes,AVIBASE-C4D41592,4,27.9,16.7,4.8,6.1,30.2,111.2,15.2,96.0,13.7,126.5,61.6,Forest,2,1.0,Omnivore,Omnivore,Generalist,15.94,29.33,20.9,-102.01,577099.95
Nighthawk,92,Nacunda Nighthawk,Nacunda Nighthawk,92,Nacunda Nighthawk,Nacunda Nighthawk,Chordeiles nacunda,Chordeiles nacunda,Chordeiles nacunda,Caprimulgidae,Caprimulgiformes,AVIBASE-6E297C5B,4,19.7,8.9,5.4,4.0,23.8,238.2,113.4,123.6,47.9,123.6,159.0,Grassland,2,1.0,Carnivore,Invertivore,Aerial,-35.22,12.46,-9.61,-56.52,12270759.1
Clark Nutcracker,93,Clark's Nutcracker,Clark's Nutcracker,93,Clark's Nutcracker,Clark's Nutcracker,Nucifraga columbiana,Nucifraga columbiana,Nucifraga columbiana,Corvidae,Passeriformes,AVIBASE-D1FC2D6B,4,44.3,35.4,11.6,12.3,36.7,191.0,61.6,129.3,32.2,112.0,129.8,Forest,1,2.0,Omnivore,Omnivore,Insessorial,24.81,54.26,43.24,-114.14,2287629.4
White breasted Nuthatch,94,White-breasted Nuthatch,White-breasted Nuthatch,94,White-breasted Nuthatch,White-breasted Nuthatch,Sitta carolinensis,Sitta carolinensis,Sitta carolinensis,Sittidae,Passeriformes,AVIBASE-19CCBBD2,4,19.1,12.2,4.0,4.2,18.5,88.6,27.6,60.9,31.2,48.8,21.0,Forest,1,1.0,Omnivore,Omnivore,Insessorial,17.49,58.92,43.04,-102.26,8811748.35
Baltimore Oriole,95,Baltimore Oriole,Baltimore Oriole,95,Baltimore Oriole,Baltimore Oriole,Icterus galbula,Icterus galbula,Icterus galbula,Icteridae,Passeriformes,AVIBASE-5110842F,10,21.1,13.3,5.0,6.4,23.4,92.1,25.5,67.4,27.4,73.3,32.8,Forest,1,3.0,Omnivore,Invertivore,Insessorial,30.82,58.5,43.69,-91.8,4604558.64
Hooded Oriole,96,Hooded Oriole,Hooded Oriole,96,Hooded Oriole,Hooded Oriole,Icterus cucullatus,Icterus cucullatus,Icterus cucullatus,Icteridae,Passeriformes,AVIBASE-526A3692,4,21.2,13.9,4.3,5.2,21.6,83.4,16.4,65.7,20.0,91.4,24.3,Woodland,2,2.0,Omnivore,Omnivore,Insessorial,17.16,41.32,29.84,-107.92,1181319.94
Orchard Oriole,97,Orchard Oriole,Orchard Oriole,97,Orchard Oriole,Orchard Oriole,Icterus spurius,Icterus spurius,Icterus spurius,Icteridae,Passeriformes,AVIBASE-E2014696,4,17.2,11.6,4.4,5.3,21.5,77.0,20.9,56.6,26.9,67.0,19.4,Forest,2,3.0,Carnivore,Invertivore,Insessorial,19.0,50.57,36.74,-92.53,4790205.22
Scott Oriole,98,Scott's Oriole,Scott's Oriole,98,Scott's Oriole,Scott's Oriole,Icterus parisorum,Icterus parisorum,Icterus parisorum,Icteridae,Passeriformes,AVIBASE-9EE6D524,4,24.0,15.8,5.3,6.3,22.7,98.9,24.0,73.7,24.5,87.2,36.5,Shrubland,3,2.0,Carnivore,Invertivore,Insessorial,17.23,41.17,29.85,-106.89,1741688.63
Ovenbird,99,Ovenbird,Ovenbird,99,Ovenbird,Ovenbird,Seiurus aurocapilla,Seiurus aurocapilla,Seiurus aurocapilla,Parulidae,Passeriformes,AVIBASE-CEA5B6AA,4,15.1,8.9,3.6,4.1,22.3,73.2,18.3,55.1,24.9,50.4,18.8,Forest,1,3.0,Carnivore,Invertivore,Terrestrial,33.47,61.09,47.01,-92.45,5222797.22
